accel,-144,64,-17072
accel,-144,64,-17072
accel,-144,64,-17072
accel,-144,64,-17072
accel,-144,64,-17072
accel,-248,-64,-17256
accel,-248,-64,-17256
accel,-248,-64,-17256
accel,-248,-64,-17256
accel,-248,-64,-17256
accel,-248,-64,-17256
accel,-248,-64,-17256
accel,-248,-64,-17256
accel,-248,-64,-17256
accel,-248,-64,-17256
accel,-248,-64,-17256
accel,-248,-64,-17256
accel,-248,-64,-17256
accel,-248,-64,-17256
accel,-248,-64,-17256
accel,-248,-64,-17256
accel,-248,-64,-17256
accel,-248,-64,-17256
accel,-248,-64,-17256
accel,-248,-64,-17256
accel,-248,-64,-17256
accel,-248,-64,-17256
accel,-248,-64,-17256
accel,-240,160,-17544
accel,-240,160,-17544
accel,-240,160,-17544
accel,-240,160,-17544
accel,-240,160,-17544
accel,-240,160,-17544
accel,-240,160,-17544
accel,-240,160,-17544
accel,-240,160,-17544
accel,-240,160,-17544
accel,-240,160,-17544
accel,-240,160,-17544
accel,-240,160,-17544
accel,-240,160,-17544
accel,-240,160,-17544
accel,-240,160,-17544
accel,-240,160,-17544
accel,-240,160,-17544
accel,-240,160,-17544
accel,-240,160,-17544
accel,-240,160,-17544
accel,-240,160,-17544
accel,-240,160,-17544
accel,-240,160,-17544
accel,-240,160,-17544
accel,-328,168,-17064
accel,-328,168,-17064
accel,-328,168,-17064
accel,-328,168,-17064
accel,-328,168,-17064
accel,-328,168,-17064
accel,-328,168,-17064
accel,-328,168,-17064
accel,-328,168,-17064
accel,-328,168,-17064
accel,-328,168,-17064
accel,-328,168,-17064
accel,-328,168,-17064
accel,-328,168,-17064
accel,-328,168,-17064
accel,-328,168,-17064
accel,-328,168,-17064
accel,-328,168,-17064
accel,-328,168,-17064
accel,-328,168,-17064
accel,-328,168,-17064
accel,-328,168,-17064
accel,-328,168,-17064
accel,-328,168,-17064
accel,-248,168,-17608
accel,-248,168,-17608
accel,-248,168,-17608
accel,-248,168,-17608
accel,-248,168,-17608
accel,-248,168,-17608
accel,-248,168,-17608
accel,-248,168,-17608
accel,-248,168,-17608
accel,-248,168,-17608
accel,-248,168,-17608
accel,-248,168,-17608
accel,-248,168,-17608
accel,-248,168,-17608
accel,-248,168,-17608
accel,-248,168,-17608
accel,-248,168,-17608
accel,-248,168,-17608
accel,-248,168,-17608
accel,-248,168,-17608
accel,-248,168,-17608
accel,-248,168,-17608
accel,-248,168,-17608
accel,-248,168,-17608
accel,-248,168,-17608
accel,-120,208,-17608
accel,-120,208,-17608
accel,-120,208,-17608
accel,-120,208,-17608
accel,-120,208,-17608
accel,-120,208,-17608
accel,-120,208,-17608
accel,-120,208,-17608
accel,-120,208,-17608
accel,-120,208,-17608
accel,-120,208,-17608
accel,-120,208,-17608
accel,-120,208,-17608
accel,-120,208,-17608
accel,-120,208,-17608
accel,-120,208,-17608
accel,-120,208,-17608
accel,-120,208,-17608
accel,-120,208,-17608
accel,-120,208,-17608
accel,-120,208,-17608
accel,-120,208,-17608
accel,-120,208,-17608
accel,-120,208,-17608
accel,-384,264,-17408
accel,-384,264,-17408
accel,-384,264,-17408
accel,-384,264,-17408
accel,-384,264,-17408
accel,-384,264,-17408
accel,-384,264,-17408
accel,-384,264,-17408
accel,-384,264,-17408
accel,-384,264,-17408
accel,-384,264,-17408
accel,-384,264,-17408
accel,-384,264,-17408
accel,-384,264,-17408
accel,-384,264,-17408
accel,-384,264,-17408
accel,-384,264,-17408
accel,-384,264,-17408
accel,-384,264,-17408
accel,-384,264,-17408
accel,-384,264,-17408
accel,-384,264,-17408
accel,-384,264,-17408
accel,-384,264,-17408
accel,-240,184,-17472
accel,-240,184,-17472
accel,-240,184,-17472
accel,-240,184,-17472
accel,-240,184,-17472
accel,-240,184,-17472
accel,-240,184,-17472
accel,-240,184,-17472
accel,-240,184,-17472
accel,-240,184,-17472
accel,-240,184,-17472
accel,-240,184,-17472
accel,-240,184,-17472
accel,-240,184,-17472
accel,-240,184,-17472
accel,-240,184,-17472
accel,-240,184,-17472
accel,-240,184,-17472
accel,-240,184,-17472
accel,-240,184,-17472
accel,-240,184,-17472
accel,-240,184,-17472
accel,-240,184,-17472
accel,-240,184,-17472
accel,-240,184,-17472
accel,-384,152,-17456
accel,-384,152,-17456
accel,-384,152,-17456
accel,-384,152,-17456
accel,-384,152,-17456
accel,-384,152,-17456
accel,-384,152,-17456
accel,-384,152,-17456
accel,-384,152,-17456
accel,-384,152,-17456
accel,-384,152,-17456
accel,-384,152,-17456
accel,-384,152,-17456
accel,-384,152,-17456
accel,-384,152,-17456
accel,-384,152,-17456
accel,-384,152,-17456
accel,-384,152,-17456
accel,-384,152,-17456
accel,-384,152,-17456
accel,-384,152,-17456
accel,-384,152,-17456
accel,-384,152,-17456
accel,-384,152,-17456
accel,-208,56,-17424
accel,-208,56,-17424
accel,-208,56,-17424
accel,-208,56,-17424
accel,-208,56,-17424
accel,-208,56,-17424
accel,-208,56,-17424
accel,-208,56,-17424
accel,-208,56,-17424
accel,-208,56,-17424
accel,-208,56,-17424
accel,-208,56,-17424
accel,-208,56,-17424
accel,-208,56,-17424
accel,-208,56,-17424
accel,-208,56,-17424
accel,-208,56,-17424
accel,-208,56,-17424
accel,-208,56,-17424
accel,-208,56,-17424
accel,-208,56,-17424
accel,-208,56,-17424
accel,-208,56,-17424
accel,-208,56,-17424
accel,-208,56,-17424
accel,-232,80,-17512
accel,-232,80,-17512
accel,-232,80,-17512
accel,-232,80,-17512
accel,-232,80,-17512
accel,-232,80,-17512
accel,-232,80,-17512
accel,-232,80,-17512
accel,-232,80,-17512
accel,-232,80,-17512
accel,-232,80,-17512
accel,-232,80,-17512
accel,-232,80,-17512
accel,-232,80,-17512
accel,-232,80,-17512
accel,-232,80,-17512
accel,-232,80,-17512
accel,-232,80,-17512
accel,-232,80,-17512
accel,-232,80,-17512
accel,-232,80,-17512
accel,-232,80,-17512
accel,-232,80,-17512
accel,-232,80,-17512
accel,-232,80,-17512
accel,-272,-32,-17432
accel,-272,-32,-17432
accel,-272,-32,-17432
accel,-272,-32,-17432
accel,-272,-32,-17432
accel,-272,-32,-17432
accel,-272,-32,-17432
accel,-272,-32,-17432
accel,-272,-32,-17432
accel,-272,-32,-17432
accel,-272,-32,-17432
accel,-272,-32,-17432
accel,-272,-32,-17432
accel,-272,-32,-17432
accel,-272,-32,-17432
accel,-272,-32,-17432
accel,-272,-32,-17432
accel,-272,-32,-17432
accel,-272,-32,-17432
accel,-272,-32,-17432
accel,-272,-32,-17432
accel,-272,-32,-17432
accel,-272,-32,-17432
accel,-272,-32,-17432
accel,-120,240,-17568
accel,-120,240,-17568
accel,-120,240,-17568
accel,-120,240,-17568
accel,-120,240,-17568
accel,-120,240,-17568
accel,-120,240,-17568
accel,-120,240,-17568
accel,-120,240,-17568
accel,-120,240,-17568
accel,-120,240,-17568
accel,-120,240,-17568
accel,-120,240,-17568
accel,-120,240,-17568
accel,-120,240,-17568
accel,-120,240,-17568
accel,-120,240,-17568
accel,-120,240,-17568
accel,-120,240,-17568
accel,-120,240,-17568
accel,-120,240,-17568
accel,-120,240,-17568
accel,-120,240,-17568
accel,-120,240,-17568
accel,-160,56,-17360
accel,-160,56,-17360
accel,-160,56,-17360
accel,-160,56,-17360
accel,-160,56,-17360
accel,-160,56,-17360
accel,-160,56,-17360
accel,-160,56,-17360
accel,-160,56,-17360
accel,-160,56,-17360
accel,-160,56,-17360
accel,-160,56,-17360
accel,-160,56,-17360
accel,-160,56,-17360
accel,-160,56,-17360
accel,-160,56,-17360
accel,-160,56,-17360
accel,-160,56,-17360
accel,-160,56,-17360
accel,-160,56,-17360
accel,-160,56,-17360
accel,-160,56,-17360
accel,-160,56,-17360
accel,-160,56,-17360
accel,-160,56,-17360
accel,-160,160,-17256
accel,-160,160,-17256
accel,-160,160,-17256
accel,-160,160,-17256
accel,-160,160,-17256
accel,-160,160,-17256
accel,-160,160,-17256
accel,-160,160,-17256
accel,-160,160,-17256
accel,-160,160,-17256
accel,-160,160,-17256
accel,-160,160,-17256
accel,-160,160,-17256
accel,-160,160,-17256
accel,-160,160,-17256
accel,-160,160,-17256
accel,-160,160,-17256
accel,-160,160,-17256
accel,-160,160,-17256
accel,-160,160,-17256
accel,-160,160,-17256
accel,-160,160,-17256
accel,-160,160,-17256
accel,-160,160,-17256
accel,-160,160,-17256
accel,-272,-16,-17416
accel,-272,-16,-17416
accel,-272,-16,-17416
accel,-272,-16,-17416
accel,-272,-16,-17416
accel,-272,-16,-17416
accel,-272,-16,-17416
accel,-272,-16,-17416
accel,-272,-16,-17416
accel,-272,-16,-17416
accel,-272,-16,-17416
accel,-272,-16,-17416
accel,-272,-16,-17416
accel,-272,-16,-17416
accel,-272,-16,-17416
accel,-272,-16,-17416
accel,-272,-16,-17416
accel,-272,-16,-17416
accel,-272,-16,-17416
accel,-272,-16,-17416
accel,-272,-16,-17416
accel,-272,-16,-17416
accel,-272,-16,-17416
accel,-272,-16,-17416
accel,-272,-16,-17416
accel,-80,128,-17264
accel,-80,128,-17264
accel,-80,128,-17264
accel,-80,128,-17264
accel,-80,128,-17264
accel,-80,128,-17264
accel,-80,128,-17264
accel,-80,128,-17264
accel,-80,128,-17264
accel,-80,128,-17264
accel,-80,128,-17264
accel,-80,128,-17264
accel,-80,128,-17264
accel,-80,128,-17264
accel,-80,128,-17264
accel,-80,128,-17264
accel,-80,128,-17264
accel,-80,128,-17264
accel,-80,128,-17264
accel,-80,128,-17264
accel,-80,128,-17264
accel,-80,128,-17264
accel,-80,128,-17264
accel,-80,128,-17264
accel,-80,128,-17264
accel,-272,80,-17352
accel,-272,80,-17352
accel,-272,80,-17352
accel,-272,80,-17352
accel,-272,80,-17352
accel,-272,80,-17352
accel,-272,80,-17352
accel,-272,80,-17352
accel,-272,80,-17352
accel,-272,80,-17352
accel,-272,80,-17352
accel,-272,80,-17352
accel,-272,80,-17352
accel,-272,80,-17352
accel,-272,80,-17352
accel,-272,80,-17352
accel,-272,80,-17352
accel,-272,80,-17352
accel,-272,80,-17352
accel,-272,80,-17352
accel,-272,80,-17352
accel,-272,80,-17352
accel,-272,80,-17352
accel,-272,80,-17352
accel,-272,80,-17352
accel,-160,104,-17208
accel,-160,104,-17208
accel,-160,104,-17208
accel,-160,104,-17208
accel,-160,104,-17208
accel,-160,104,-17208
accel,-160,104,-17208
accel,-160,104,-17208
accel,-160,104,-17208
accel,-160,104,-17208
accel,-160,104,-17208
accel,-160,104,-17208
accel,-160,104,-17208
accel,-160,104,-17208
accel,-160,104,-17208
accel,-160,104,-17208
accel,-160,104,-17208
accel,-160,104,-17208
accel,-160,104,-17208
accel,-160,104,-17208
accel,-160,104,-17208
accel,-160,104,-17208
accel,-160,104,-17208
accel,-160,104,-17208
accel,-160,104,-17208
accel,-232,176,-17392
accel,-232,176,-17392
accel,-232,176,-17392
accel,-232,176,-17392
accel,-232,176,-17392
accel,-232,176,-17392
accel,-232,176,-17392
accel,-232,176,-17392
accel,-232,176,-17392
accel,-232,176,-17392
accel,-232,176,-17392
accel,-232,176,-17392
accel,-232,176,-17392
accel,-232,176,-17392
accel,-232,176,-17392
accel,-232,176,-17392
accel,-232,176,-17392
accel,-232,176,-17392
accel,-232,176,-17392
accel,-232,176,-17392
accel,-232,176,-17392
accel,-232,176,-17392
accel,-232,176,-17392
accel,-232,176,-17392
accel,-168,96,-17432
accel,-168,96,-17432
accel,-168,96,-17432
accel,-168,96,-17432
accel,-168,96,-17432
accel,-168,96,-17432
accel,-168,96,-17432
accel,-168,96,-17432
accel,-168,96,-17432
accel,-168,96,-17432
accel,-168,96,-17432
accel,-168,96,-17432
accel,-168,96,-17432
accel,-168,96,-17432
accel,-168,96,-17432
accel,-168,96,-17432
accel,-168,96,-17432
accel,-168,96,-17432
accel,-168,96,-17432
accel,-168,96,-17432
accel,-168,96,-17432
accel,-168,96,-17432
accel,-168,96,-17432
accel,-168,96,-17432
accel,-168,96,-17432
accel,-240,64,-17480
accel,-240,64,-17480
accel,-240,64,-17480
accel,-240,64,-17480
accel,-240,64,-17480
accel,-240,64,-17480
accel,-240,64,-17480
accel,-240,64,-17480
accel,-240,64,-17480
accel,-240,64,-17480
accel,-240,64,-17480
accel,-240,64,-17480
accel,-240,64,-17480
accel,-240,64,-17480
accel,-240,64,-17480
accel,-240,64,-17480
accel,-240,64,-17480
accel,-240,64,-17480
accel,-240,64,-17480
accel,-240,64,-17480
accel,-240,64,-17480
accel,-240,64,-17480
accel,-240,64,-17480
accel,-240,64,-17480
accel,-192,88,-17392
accel,-192,88,-17392
accel,-192,88,-17392
accel,-192,88,-17392
accel,-192,88,-17392
accel,-192,88,-17392
accel,-192,88,-17392
accel,-192,88,-17392
accel,-192,88,-17392
accel,-192,88,-17392
accel,-192,88,-17392
accel,-192,88,-17392
accel,-192,88,-17392
accel,-192,88,-17392
accel,-192,88,-17392
accel,-192,88,-17392
accel,-192,88,-17392
accel,-192,88,-17392
accel,-192,88,-17392
accel,-192,88,-17392
accel,-192,88,-17392
accel,-192,88,-17392
accel,-192,88,-17392
accel,-192,88,-17392
accel,-192,88,-17392
accel,-200,72,-17440
accel,-200,72,-17440
accel,-200,72,-17440
accel,-200,72,-17440
accel,-200,72,-17440
accel,-200,72,-17440
accel,-200,72,-17440
accel,-200,72,-17440
accel,-200,72,-17440
accel,-200,72,-17440
accel,-200,72,-17440
accel,-200,72,-17440
accel,-200,72,-17440
accel,-200,72,-17440
accel,-200,72,-17440
accel,-200,72,-17440
accel,-200,72,-17440
accel,-200,72,-17440
accel,-200,72,-17440
accel,-200,72,-17440
accel,-200,72,-17440
accel,-200,72,-17440
accel,-200,72,-17440
accel,-200,72,-17440
accel,-200,72,-17440
accel,-392,24,-17496
accel,-392,24,-17496
accel,-392,24,-17496
accel,-392,24,-17496
accel,-392,24,-17496
accel,-392,24,-17496
accel,-392,24,-17496
accel,-392,24,-17496
accel,-392,24,-17496
accel,-392,24,-17496
accel,-392,24,-17496
accel,-392,24,-17496
accel,-392,24,-17496
accel,-392,24,-17496
accel,-392,24,-17496
accel,-392,24,-17496
accel,-392,24,-17496
accel,-392,24,-17496
accel,-392,24,-17496
accel,-392,24,-17496
accel,-392,24,-17496
accel,-392,24,-17496
accel,-392,24,-17496
accel,-392,24,-17496
accel,-240,56,-17440
accel,-240,56,-17440
accel,-240,56,-17440
accel,-240,56,-17440
accel,-240,56,-17440
accel,-240,56,-17440
accel,-240,56,-17440
accel,-240,56,-17440
accel,-240,56,-17440
accel,-240,56,-17440
accel,-240,56,-17440
accel,-240,56,-17440
accel,-240,56,-17440
accel,-240,56,-17440
accel,-240,56,-17440
accel,-240,56,-17440
accel,-240,56,-17440
accel,-240,56,-17440
accel,-240,56,-17440
accel,-240,56,-17440
accel,-240,56,-17440
accel,-240,56,-17440
accel,-240,56,-17440
accel,-240,56,-17440
accel,-248,80,-17248
accel,-248,80,-17248
accel,-248,80,-17248
accel,-248,80,-17248
accel,-248,80,-17248
accel,-248,80,-17248
accel,-248,80,-17248
accel,-248,80,-17248
accel,-248,80,-17248
accel,-248,80,-17248
accel,-248,80,-17248
accel,-248,80,-17248
accel,-248,80,-17248
accel,-248,80,-17248
accel,-248,80,-17248
accel,-248,80,-17248
accel,-248,80,-17248
accel,-248,80,-17248
accel,-248,80,-17248
accel,-248,80,-17248
accel,-248,80,-17248
accel,-248,80,-17248
accel,-248,80,-17248
accel,-248,80,-17248
accel,-232,208,-17320
accel,-232,208,-17320
accel,-232,208,-17320
accel,-232,208,-17320
accel,-232,208,-17320
accel,-232,208,-17320
accel,-232,208,-17320
accel,-232,208,-17320
accel,-232,208,-17320
accel,-232,208,-17320
accel,-232,208,-17320
accel,-232,208,-17320
accel,-232,208,-17320
accel,-232,208,-17320
accel,-232,208,-17320
accel,-232,208,-17320
accel,-232,208,-17320
accel,-232,208,-17320
accel,-232,208,-17320
accel,-232,208,-17320
accel,-232,208,-17320
accel,-232,208,-17320
accel,-232,208,-17320
accel,-232,208,-17320
accel,-232,208,-17320
accel,-232,208,-17320
accel,-232,208,-17320
accel,-152,264,-17440
accel,-152,264,-17440
accel,-152,264,-17440
accel,-152,264,-17440
accel,-152,264,-17440
accel,-152,264,-17440
accel,-152,264,-17440
accel,-152,264,-17440
accel,-152,264,-17440
accel,-152,264,-17440
accel,-152,264,-17440
accel,-152,264,-17440
accel,-152,264,-17440
accel,-152,264,-17440
accel,-152,264,-17440
accel,-152,264,-17440
accel,-152,264,-17440
accel,-152,264,-17440
accel,-152,264,-17440
accel,-152,264,-17440
accel,-152,264,-17440
accel,-152,264,-17440
accel,-152,264,-17440
accel,-152,264,-17440
accel,-152,264,-17440
accel,-152,264,-17440
accel,-152,264,-17440
accel,-136,216,-17448
accel,-136,216,-17448
accel,-136,216,-17448
accel,-136,216,-17448
accel,-136,216,-17448
accel,-136,216,-17448
accel,-136,216,-17448
accel,-136,216,-17448
accel,-136,216,-17448
accel,-136,216,-17448
accel,-136,216,-17448
accel,-136,216,-17448
accel,-136,216,-17448
accel,-136,216,-17448
accel,-136,216,-17448
accel,-136,216,-17448
accel,-136,216,-17448
accel,-136,216,-17448
accel,-136,216,-17448
accel,-136,216,-17448
accel,-136,216,-17448
accel,-136,216,-17448
accel,-136,216,-17448
accel,-136,216,-17448
accel,-136,216,-17448
accel,-72,112,-17360
accel,-72,112,-17360
accel,-72,112,-17360
accel,-72,112,-17360
accel,-72,112,-17360
accel,-72,112,-17360
accel,-72,112,-17360
accel,-72,112,-17360
accel,-72,112,-17360
accel,-72,112,-17360
accel,-72,112,-17360
accel,-72,112,-17360
accel,-72,112,-17360
accel,-72,112,-17360
accel,-72,112,-17360
accel,-72,112,-17360
accel,-72,112,-17360
accel,-72,112,-17360
accel,-72,112,-17360
accel,-72,112,-17360
accel,-72,112,-17360
accel,-72,112,-17360
accel,-72,112,-17360
accel,-72,112,-17360
accel,-296,-56,-17560
accel,-296,-56,-17560
accel,-296,-56,-17560
accel,-296,-56,-17560
accel,-296,-56,-17560
accel,-296,-56,-17560
accel,-296,-56,-17560
accel,-296,-56,-17560
accel,-296,-56,-17560
accel,-296,-56,-17560
accel,-296,-56,-17560
accel,-296,-56,-17560
accel,-296,-56,-17560
accel,-296,-56,-17560
accel,-296,-56,-17560
accel,-296,-56,-17560
accel,-296,-56,-17560
accel,-296,-56,-17560
accel,-296,-56,-17560
accel,-296,-56,-17560
accel,-296,-56,-17560
accel,-296,-56,-17560
accel,-296,-56,-17560
accel,-296,-56,-17560
accel,-272,104,-17168
accel,-272,104,-17168
accel,-272,104,-17168
accel,-272,104,-17168
accel,-272,104,-17168
accel,-272,104,-17168
accel,-272,104,-17168
accel,-272,104,-17168
accel,-272,104,-17168
accel,-272,104,-17168
accel,-272,104,-17168
accel,-272,104,-17168
accel,-272,104,-17168
accel,-272,104,-17168
accel,-272,104,-17168
accel,-272,104,-17168
accel,-272,104,-17168
accel,-272,104,-17168
accel,-272,104,-17168
accel,-272,104,-17168
accel,-272,104,-17168
accel,-272,104,-17168
accel,-272,104,-17168
accel,-272,104,-17168
accel,-248,200,-17440
accel,-248,200,-17440
accel,-248,200,-17440
accel,-248,200,-17440
accel,-248,200,-17440
accel,-248,200,-17440
accel,-248,200,-17440
accel,-248,200,-17440
accel,-248,200,-17440
accel,-248,200,-17440
accel,-248,200,-17440
accel,-248,200,-17440
accel,-248,200,-17440
accel,-248,200,-17440
accel,-248,200,-17440
accel,-248,200,-17440
accel,-248,200,-17440
accel,-248,200,-17440
accel,-248,200,-17440
accel,-248,200,-17440
accel,-248,200,-17440
accel,-248,200,-17440
accel,-248,200,-17440
accel,-248,200,-17440
accel,-248,232,-17336
accel,-248,232,-17336
accel,-248,232,-17336
accel,-248,232,-17336
accel,-248,232,-17336
accel,-248,232,-17336
accel,-248,232,-17336
accel,-248,232,-17336
accel,-248,232,-17336
accel,-248,232,-17336
accel,-248,232,-17336
accel,-248,232,-17336
accel,-248,232,-17336
accel,-248,232,-17336
accel,-248,232,-17336
accel,-248,232,-17336
accel,-248,232,-17336
accel,-248,232,-17336
accel,-248,232,-17336
accel,-248,232,-17336
accel,-248,232,-17336
accel,-248,232,-17336
accel,-248,232,-17336
accel,-248,232,-17336
accel,-248,232,-17336
accel,-216,192,-17440
accel,-216,192,-17440
accel,-216,192,-17440
accel,-216,192,-17440
accel,-216,192,-17440
accel,-216,192,-17440
accel,-216,192,-17440
accel,-216,192,-17440
accel,-216,192,-17440
accel,-216,192,-17440
accel,-216,192,-17440
accel,-216,192,-17440
accel,-216,192,-17440
accel,-216,192,-17440
accel,-216,192,-17440
accel,-216,192,-17440
accel,-216,192,-17440
accel,-216,192,-17440
accel,-216,192,-17440
accel,-216,192,-17440
accel,-216,192,-17440
accel,-216,192,-17440
accel,-216,192,-17440
accel,-216,192,-17440
accel,-256,104,-17424
accel,-256,104,-17424
accel,-256,104,-17424
accel,-256,104,-17424
accel,-256,104,-17424
accel,-256,104,-17424
accel,-256,104,-17424
accel,-256,104,-17424
accel,-256,104,-17424
accel,-256,104,-17424
accel,-256,104,-17424
accel,-256,104,-17424
accel,-256,104,-17424
accel,-256,104,-17424
accel,-256,104,-17424
accel,-256,104,-17424
accel,-256,104,-17424
accel,-256,104,-17424
accel,-256,104,-17424
accel,-256,104,-17424
accel,-256,104,-17424
accel,-256,104,-17424
accel,-256,104,-17424
accel,-256,104,-17424
accel,-256,104,-17424
accel,-248,32,-17408
accel,-248,32,-17408
accel,-248,32,-17408
accel,-248,32,-17408
accel,-248,32,-17408
accel,-248,32,-17408
accel,-248,32,-17408
accel,-248,32,-17408
accel,-248,32,-17408
accel,-248,32,-17408
accel,-248,32,-17408
accel,-248,32,-17408
accel,-248,32,-17408
accel,-248,32,-17408
accel,-248,32,-17408
accel,-248,32,-17408
accel,-248,32,-17408
accel,-248,32,-17408
accel,-248,32,-17408
accel,-248,32,-17408
accel,-248,32,-17408
accel,-248,32,-17408
accel,-248,32,-17408
accel,-248,32,-17408
accel,-120,128,-17416
accel,-120,128,-17416
accel,-120,128,-17416
accel,-120,128,-17416
accel,-120,128,-17416
accel,-120,128,-17416
accel,-120,128,-17416
accel,-120,128,-17416
accel,-120,128,-17416
accel,-120,128,-17416
accel,-120,128,-17416
accel,-120,128,-17416
accel,-120,128,-17416
accel,-120,128,-17416
accel,-120,128,-17416
accel,-120,128,-17416
accel,-120,128,-17416
accel,-120,128,-17416
accel,-120,128,-17416
accel,-120,128,-17416
accel,-120,128,-17416
accel,-120,128,-17416
accel,-120,128,-17416
accel,-120,128,-17416
accel,-240,-24,-17384
accel,-240,-24,-17384
accel,-240,-24,-17384
accel,-240,-24,-17384
accel,-240,-24,-17384
accel,-240,-24,-17384
accel,-240,-24,-17384
accel,-240,-24,-17384
accel,-240,-24,-17384
accel,-240,-24,-17384
accel,-240,-24,-17384
accel,-240,-24,-17384
accel,-240,-24,-17384
accel,-240,-24,-17384
accel,-240,-24,-17384
accel,-240,-24,-17384
accel,-240,-24,-17384
accel,-240,-24,-17384
accel,-240,-24,-17384
accel,-240,-24,-17384
accel,-240,-24,-17384
accel,-240,-24,-17384
accel,-240,-24,-17384
accel,-240,-24,-17384
accel,-216,152,-17528
accel,-216,152,-17528
accel,-216,152,-17528
accel,-216,152,-17528
accel,-216,152,-17528
accel,-216,152,-17528
accel,-216,152,-17528
accel,-216,152,-17528
accel,-216,152,-17528
accel,-216,152,-17528
accel,-216,152,-17528
accel,-216,152,-17528
accel,-216,152,-17528
accel,-216,152,-17528
accel,-216,152,-17528
accel,-216,152,-17528
accel,-216,152,-17528
accel,-216,152,-17528
accel,-216,152,-17528
accel,-216,152,-17528
accel,-216,152,-17528
accel,-216,152,-17528
accel,-216,152,-17528
accel,-216,152,-17528
accel,-216,152,-17528
accel,-344,112,-17328
accel,-344,112,-17328
accel,-344,112,-17328
accel,-344,112,-17328
accel,-344,112,-17328
accel,-344,112,-17328
accel,-344,112,-17328
accel,-344,112,-17328
accel,-344,112,-17328
accel,-344,112,-17328
accel,-344,112,-17328
accel,-344,112,-17328
accel,-344,112,-17328
accel,-344,112,-17328
accel,-344,112,-17328
accel,-344,112,-17328
accel,-344,112,-17328
accel,-344,112,-17328
accel,-344,112,-17328
accel,-344,112,-17328
accel,-344,112,-17328
accel,-344,112,-17328
accel,-344,112,-17328
accel,-344,112,-17328
accel,-344,112,-17328
accel,-232,16,-17512
accel,-232,16,-17512
accel,-232,16,-17512
accel,-232,16,-17512
accel,-232,16,-17512
accel,-232,16,-17512
accel,-232,16,-17512
accel,-232,16,-17512
accel,-232,16,-17512
accel,-232,16,-17512
accel,-232,16,-17512
accel,-232,16,-17512
accel,-232,16,-17512
accel,-232,16,-17512
accel,-232,16,-17512
accel,-232,16,-17512
accel,-232,16,-17512
accel,-232,16,-17512
accel,-232,16,-17512
accel,-232,16,-17512
accel,-232,16,-17512
accel,-232,16,-17512
accel,-232,16,-17512
accel,-232,16,-17512
accel,-232,16,-17512
accel,-216,200,-17296
accel,-216,200,-17296
accel,-216,200,-17296
accel,-216,200,-17296
accel,-216,200,-17296
accel,-216,200,-17296
accel,-216,200,-17296
accel,-216,200,-17296
accel,-216,200,-17296
accel,-216,200,-17296
accel,-216,200,-17296
accel,-216,200,-17296
accel,-216,200,-17296
accel,-216,200,-17296
accel,-216,200,-17296
accel,-216,200,-17296
accel,-216,200,-17296
accel,-216,200,-17296
accel,-216,200,-17296
accel,-216,200,-17296
accel,-216,200,-17296
accel,-216,200,-17296
accel,-216,200,-17296
accel,-216,200,-17296
accel,-216,200,-17296
accel,-216,200,-17296
accel,-248,-8,-17552
accel,-248,-8,-17552
accel,-248,-8,-17552
accel,-248,-8,-17552
accel,-248,-8,-17552
accel,-248,-8,-17552
accel,-248,-8,-17552
accel,-248,-8,-17552
accel,-248,-8,-17552
accel,-248,-8,-17552
accel,-248,-8,-17552
accel,-248,-8,-17552
accel,-248,-8,-17552
accel,-248,-8,-17552
accel,-248,-8,-17552
accel,-248,-8,-17552
accel,-248,-8,-17552
accel,-248,-8,-17552
accel,-248,-8,-17552
accel,-248,-8,-17552
accel,-248,-8,-17552
accel,-248,-8,-17552
accel,-248,-8,-17552
accel,-248,-8,-17552
accel,-248,-8,-17552
accel,-248,-8,-17552
accel,-256,152,-17320
accel,-256,152,-17320
accel,-256,152,-17320
accel,-256,152,-17320
accel,-256,152,-17320
accel,-256,152,-17320
accel,-256,152,-17320
accel,-256,152,-17320
accel,-256,152,-17320
accel,-256,152,-17320
accel,-256,152,-17320
accel,-256,152,-17320
accel,-256,152,-17320
accel,-256,152,-17320
accel,-256,152,-17320
accel,-256,152,-17320
accel,-256,152,-17320
accel,-256,152,-17320
accel,-256,152,-17320
accel,-256,152,-17320
accel,-256,152,-17320
accel,-256,152,-17320
accel,-256,152,-17320
accel,-256,152,-17320
accel,-256,152,-17320
accel,-256,152,-17320
accel,-232,248,-17360
accel,-232,248,-17360
accel,-232,248,-17360
accel,-232,248,-17360
accel,-232,248,-17360
accel,-232,248,-17360
accel,-232,248,-17360
accel,-232,248,-17360
accel,-232,248,-17360
accel,-232,248,-17360
accel,-232,248,-17360
accel,-232,248,-17360
accel,-232,248,-17360
accel,-232,248,-17360
accel,-232,248,-17360
accel,-232,248,-17360
accel,-232,248,-17360
accel,-232,248,-17360
accel,-232,248,-17360
accel,-232,248,-17360
accel,-232,248,-17360
accel,-232,248,-17360
accel,-232,248,-17360
accel,-232,248,-17360
accel,-232,248,-17360
accel,-232,248,-17360
accel,-232,248,-17360
accel,-88,296,-17256
accel,-88,296,-17256
accel,-88,296,-17256
accel,-88,296,-17256
accel,-88,296,-17256
accel,-88,296,-17256
accel,-88,296,-17256
accel,-88,296,-17256
accel,-88,296,-17256
accel,-88,296,-17256
accel,-88,296,-17256
accel,-88,296,-17256
accel,-88,296,-17256
accel,-88,296,-17256
accel,-88,296,-17256
accel,-88,296,-17256
accel,-88,296,-17256
accel,-88,296,-17256
accel,-88,296,-17256
accel,-88,296,-17256
accel,-88,296,-17256
accel,-88,296,-17256
accel,-88,296,-17256
accel,-88,296,-17256
accel,-88,296,-17256
accel,-88,296,-17256
accel,-240,112,-17448
accel,-240,112,-17448
accel,-240,112,-17448
accel,-240,112,-17448
accel,-240,112,-17448
accel,-240,112,-17448
accel,-240,112,-17448
accel,-240,112,-17448
accel,-240,112,-17448
accel,-240,112,-17448
accel,-240,112,-17448
accel,-240,112,-17448
accel,-240,112,-17448
accel,-240,112,-17448
accel,-240,112,-17448
accel,-240,112,-17448
accel,-240,112,-17448
accel,-240,112,-17448
accel,-240,112,-17448
accel,-240,112,-17448
accel,-240,112,-17448
accel,-240,112,-17448
accel,-240,112,-17448
accel,-240,112,-17448
accel,-240,112,-17448
accel,-240,112,-17448
accel,-240,112,-17448
accel,-216,72,-17392
accel,-216,72,-17392
accel,-216,72,-17392
accel,-216,72,-17392
accel,-216,72,-17392
accel,-216,72,-17392
accel,-216,72,-17392
accel,-216,72,-17392
accel,-216,72,-17392
accel,-216,72,-17392
accel,-216,72,-17392
accel,-216,72,-17392
accel,-216,72,-17392
accel,-216,72,-17392
accel,-216,72,-17392
accel,-216,72,-17392
accel,-216,72,-17392
accel,-216,72,-17392
accel,-216,72,-17392
accel,-216,72,-17392
accel,-216,72,-17392
accel,-216,72,-17392
accel,-216,72,-17392
accel,-216,72,-17392
accel,-208,16,-17584
accel,-208,16,-17584
accel,-208,16,-17584
accel,-208,16,-17584
accel,-208,16,-17584
accel,-208,16,-17584
accel,-208,16,-17584
accel,-208,16,-17584
accel,-208,16,-17584
accel,-208,16,-17584
accel,-208,16,-17584
accel,-208,16,-17584
accel,-208,16,-17584
accel,-208,16,-17584
accel,-208,16,-17584
accel,-208,16,-17584
accel,-208,16,-17584
accel,-208,16,-17584
accel,-208,16,-17584
accel,-208,16,-17584
accel,-208,16,-17584
accel,-208,16,-17584
accel,-208,16,-17584
accel,-208,16,-17584
accel,-208,16,-17584
accel,-288,104,-17784
accel,-288,104,-17784
accel,-288,104,-17784
accel,-288,104,-17784
accel,-288,104,-17784
accel,-288,104,-17784
accel,-288,104,-17784
accel,-288,104,-17784
accel,-288,104,-17784
accel,-288,104,-17784
accel,-288,104,-17784
accel,-288,104,-17784
accel,-288,104,-17784
accel,-288,104,-17784
accel,-288,104,-17784
accel,-288,104,-17784
accel,-288,104,-17784
accel,-288,104,-17784
accel,-288,104,-17784
accel,-288,104,-17784
accel,-288,104,-17784
accel,-288,104,-17784
accel,-288,104,-17784
accel,-288,104,-17784
accel,-288,104,-17784
accel,-168,128,-17272
accel,-168,128,-17272
accel,-168,128,-17272
accel,-168,128,-17272
accel,-168,128,-17272
accel,-168,128,-17272
accel,-168,128,-17272
accel,-168,128,-17272
accel,-168,128,-17272
accel,-168,128,-17272
accel,-168,128,-17272
accel,-168,128,-17272
accel,-168,128,-17272
accel,-168,128,-17272
accel,-168,128,-17272
accel,-168,128,-17272
accel,-168,128,-17272
accel,-168,128,-17272
accel,-168,128,-17272
accel,-168,128,-17272
accel,-168,128,-17272
accel,-168,128,-17272
accel,-168,128,-17272
accel,-168,128,-17272
accel,-168,128,-17272
accel,-160,208,-17504
accel,-160,208,-17504
accel,-160,208,-17504
accel,-160,208,-17504
accel,-160,208,-17504
accel,-160,208,-17504
accel,-160,208,-17504
accel,-160,208,-17504
accel,-160,208,-17504
accel,-160,208,-17504
accel,-160,208,-17504
accel,-160,208,-17504
accel,-160,208,-17504
accel,-160,208,-17504
accel,-160,208,-17504
accel,-160,208,-17504
accel,-160,208,-17504
accel,-160,208,-17504
accel,-160,208,-17504
accel,-160,208,-17504
accel,-160,208,-17504
accel,-160,208,-17504
accel,-160,208,-17504
accel,-160,208,-17504
accel,-272,-72,-17224
accel,-272,-72,-17224
accel,-272,-72,-17224
accel,-272,-72,-17224
accel,-272,-72,-17224
accel,-272,-72,-17224
accel,-272,-72,-17224
accel,-272,-72,-17224
accel,-272,-72,-17224
accel,-272,-72,-17224
accel,-272,-72,-17224
accel,-272,-72,-17224
accel,-272,-72,-17224
accel,-272,-72,-17224
accel,-272,-72,-17224
accel,-272,-72,-17224
accel,-272,-72,-17224
accel,-272,-72,-17224
accel,-272,-72,-17224
accel,-272,-72,-17224
accel,-272,-72,-17224
accel,-272,-72,-17224
accel,-272,-72,-17224
accel,-272,-72,-17224
accel,-232,200,-17480
accel,-232,200,-17480
accel,-232,200,-17480
accel,-232,200,-17480
accel,-232,200,-17480
accel,-232,200,-17480
accel,-232,200,-17480
accel,-232,200,-17480
accel,-232,200,-17480
accel,-232,200,-17480
accel,-232,200,-17480
accel,-232,200,-17480
accel,-232,200,-17480
accel,-232,200,-17480
accel,-232,200,-17480
accel,-232,200,-17480
accel,-232,200,-17480
accel,-232,200,-17480
accel,-232,200,-17480
accel,-232,200,-17480
accel,-232,200,-17480
accel,-232,200,-17480
accel,-232,200,-17480
accel,-232,200,-17480
accel,-200,192,-17472
accel,-200,192,-17472
accel,-200,192,-17472
accel,-200,192,-17472
accel,-200,192,-17472
accel,-200,192,-17472
accel,-200,192,-17472
accel,-200,192,-17472
accel,-200,192,-17472
accel,-200,192,-17472
accel,-200,192,-17472
accel,-200,192,-17472
accel,-200,192,-17472
accel,-200,192,-17472
accel,-200,192,-17472
accel,-200,192,-17472
accel,-200,192,-17472
accel,-200,192,-17472
accel,-200,192,-17472
accel,-200,192,-17472
accel,-200,192,-17472
accel,-200,192,-17472
accel,-200,192,-17472
accel,-200,192,-17472
accel,-200,192,-17472
accel,-296,248,-17656
accel,-296,248,-17656
accel,-296,248,-17656
accel,-296,248,-17656
accel,-296,248,-17656
accel,-296,248,-17656
accel,-296,248,-17656
accel,-296,248,-17656
accel,-296,248,-17656
accel,-296,248,-17656
accel,-296,248,-17656
accel,-296,248,-17656
accel,-296,248,-17656
accel,-296,248,-17656
accel,-296,248,-17656
accel,-296,248,-17656
accel,-296,248,-17656
accel,-296,248,-17656
accel,-296,248,-17656
accel,-296,248,-17656
accel,-296,248,-17656
accel,-296,248,-17656
accel,-296,248,-17656
accel,-296,248,-17656
accel,-112,144,-17160
accel,-112,144,-17160
accel,-112,144,-17160
accel,-112,144,-17160
accel,-112,144,-17160
accel,-112,144,-17160
accel,-112,144,-17160
accel,-112,144,-17160
accel,-112,144,-17160
accel,-112,144,-17160
accel,-112,144,-17160
accel,-112,144,-17160
accel,-112,144,-17160
accel,-112,144,-17160
accel,-112,144,-17160
accel,-112,144,-17160
accel,-112,144,-17160
accel,-112,144,-17160
accel,-112,144,-17160
accel,-112,144,-17160
accel,-112,144,-17160
accel,-112,144,-17160
accel,-112,144,-17160
accel,-112,144,-17160
accel,-112,144,-17160
accel,-216,176,-17240
accel,-216,176,-17240
accel,-216,176,-17240
accel,-216,176,-17240
accel,-216,176,-17240
accel,-216,176,-17240
accel,-216,176,-17240
accel,-216,176,-17240
accel,-216,176,-17240
accel,-216,176,-17240
accel,-216,176,-17240
accel,-216,176,-17240
accel,-216,176,-17240
accel,-216,176,-17240
accel,-216,176,-17240
accel,-216,176,-17240
accel,-216,176,-17240
accel,-216,176,-17240
accel,-216,176,-17240
accel,-216,176,-17240
accel,-216,176,-17240
accel,-216,176,-17240
accel,-216,176,-17240
accel,-216,176,-17240
accel,-200,-72,-17456
accel,-200,-72,-17456
accel,-200,-72,-17456
accel,-200,-72,-17456
accel,-200,-72,-17456
accel,-200,-72,-17456
accel,-200,-72,-17456
accel,-200,-72,-17456
accel,-200,-72,-17456
accel,-200,-72,-17456
accel,-200,-72,-17456
accel,-200,-72,-17456
accel,-200,-72,-17456
accel,-200,-72,-17456
accel,-200,-72,-17456
accel,-200,-72,-17456
accel,-200,-72,-17456
accel,-200,-72,-17456
accel,-200,-72,-17456
accel,-200,-72,-17456
accel,-200,-72,-17456
accel,-200,-72,-17456
accel,-200,-72,-17456
accel,-200,-72,-17456
accel,-232,80,-17328
accel,-232,80,-17328
accel,-232,80,-17328
accel,-232,80,-17328
accel,-232,80,-17328
accel,-232,80,-17328
accel,-232,80,-17328
accel,-232,80,-17328
accel,-232,80,-17328
accel,-232,80,-17328
accel,-232,80,-17328
accel,-232,80,-17328
accel,-232,80,-17328
accel,-232,80,-17328
accel,-232,80,-17328
accel,-232,80,-17328
accel,-232,80,-17328
accel,-232,80,-17328
accel,-232,80,-17328
accel,-232,80,-17328
accel,-232,80,-17328
accel,-232,80,-17328
accel,-232,80,-17328
accel,-232,80,-17328
accel,-232,80,-17328
accel,-288,96,-17608
accel,-288,96,-17608
accel,-288,96,-17608
accel,-288,96,-17608
accel,-288,96,-17608
accel,-288,96,-17608
accel,-288,96,-17608
accel,-288,96,-17608
accel,-288,96,-17608
accel,-288,96,-17608
accel,-288,96,-17608
accel,-288,96,-17608
accel,-288,96,-17608
accel,-288,96,-17608
accel,-288,96,-17608
accel,-288,96,-17608
accel,-288,96,-17608
accel,-288,96,-17608
accel,-288,96,-17608
accel,-288,96,-17608
accel,-288,96,-17608
accel,-288,96,-17608
accel,-288,96,-17608
accel,-288,96,-17608
accel,-288,96,-17608
accel,-136,232,-17160
accel,-136,232,-17160
accel,-136,232,-17160
accel,-136,232,-17160
accel,-136,232,-17160
accel,-136,232,-17160
accel,-136,232,-17160
accel,-136,232,-17160
accel,-136,232,-17160
accel,-136,232,-17160
accel,-136,232,-17160
accel,-136,232,-17160
accel,-136,232,-17160
accel,-136,232,-17160
accel,-136,232,-17160
accel,-136,232,-17160
accel,-136,232,-17160
accel,-136,232,-17160
accel,-136,232,-17160
accel,-136,232,-17160
accel,-136,232,-17160
accel,-136,232,-17160
accel,-136,232,-17160
accel,-136,232,-17160
accel,-136,232,-17160
accel,-296,128,-17344
accel,-296,128,-17344
accel,-296,128,-17344
accel,-296,128,-17344
accel,-296,128,-17344
accel,-296,128,-17344
accel,-296,128,-17344
accel,-296,128,-17344
accel,-296,128,-17344
accel,-296,128,-17344
accel,-296,128,-17344
accel,-296,128,-17344
accel,-296,128,-17344
accel,-296,128,-17344
accel,-296,128,-17344
accel,-296,128,-17344
accel,-296,128,-17344
accel,-296,128,-17344
accel,-296,128,-17344
accel,-296,128,-17344
accel,-296,128,-17344
accel,-296,128,-17344
accel,-296,128,-17344
accel,-296,128,-17344
accel,-168,40,-17280
accel,-168,40,-17280
accel,-168,40,-17280
accel,-168,40,-17280
accel,-168,40,-17280
accel,-168,40,-17280
accel,-168,40,-17280
accel,-168,40,-17280
accel,-168,40,-17280
accel,-168,40,-17280
accel,-168,40,-17280
accel,-168,40,-17280
accel,-168,40,-17280
accel,-168,40,-17280
accel,-168,40,-17280
accel,-168,40,-17280
accel,-168,40,-17280
accel,-168,40,-17280
accel,-168,40,-17280
accel,-168,40,-17280
accel,-168,40,-17280
accel,-168,40,-17280
accel,-168,40,-17280
accel,-168,40,-17280
accel,-168,40,-17280
accel,-248,280,-17456
accel,-248,280,-17456
accel,-248,280,-17456
accel,-248,280,-17456
accel,-248,280,-17456
accel,-248,280,-17456
accel,-248,280,-17456
accel,-248,280,-17456
accel,-248,280,-17456
accel,-248,280,-17456
accel,-248,280,-17456
accel,-248,280,-17456
accel,-248,280,-17456
accel,-248,280,-17456
accel,-248,280,-17456
accel,-248,280,-17456
accel,-248,280,-17456
accel,-248,280,-17456
accel,-248,280,-17456
accel,-248,280,-17456
accel,-248,280,-17456
accel,-248,280,-17456
accel,-248,280,-17456
accel,-248,280,-17456
accel,-248,280,-17456
accel,-80,104,-17584
accel,-80,104,-17584
accel,-80,104,-17584
accel,-80,104,-17584
accel,-80,104,-17584
accel,-80,104,-17584
accel,-80,104,-17584
accel,-80,104,-17584
accel,-80,104,-17584
accel,-80,104,-17584
accel,-80,104,-17584
accel,-80,104,-17584
accel,-80,104,-17584
accel,-80,104,-17584
accel,-80,104,-17584
accel,-80,104,-17584
accel,-80,104,-17584
accel,-80,104,-17584
accel,-80,104,-17584
accel,-80,104,-17584
accel,-80,104,-17584
accel,-80,104,-17584
accel,-80,104,-17584
accel,-80,104,-17584
accel,-80,104,-17584
accel,-80,104,-17584
accel,-112,-32,-17080
accel,-112,-32,-17080
accel,-112,-32,-17080
accel,-112,-32,-17080
accel,-112,-32,-17080
accel,-112,-32,-17080
accel,-112,-32,-17080
accel,-112,-32,-17080
accel,-112,-32,-17080
accel,-112,-32,-17080
accel,-112,-32,-17080
accel,-112,-32,-17080
accel,-112,-32,-17080
accel,-112,-32,-17080
accel,-112,-32,-17080
accel,-112,-32,-17080
accel,-112,-32,-17080
accel,-112,-32,-17080
accel,-112,-32,-17080
accel,-112,-32,-17080
accel,-112,-32,-17080
accel,-112,-32,-17080
accel,-112,-32,-17080
accel,-112,-32,-17080
accel,-152,104,-17496
accel,-152,104,-17496
accel,-152,104,-17496
accel,-152,104,-17496
accel,-152,104,-17496
accel,-152,104,-17496
accel,-152,104,-17496
accel,-152,104,-17496
accel,-152,104,-17496
accel,-152,104,-17496
accel,-152,104,-17496
accel,-152,104,-17496
accel,-152,104,-17496
accel,-152,104,-17496
accel,-152,104,-17496
accel,-152,104,-17496
accel,-152,104,-17496
accel,-152,104,-17496
accel,-152,104,-17496
accel,-152,104,-17496
accel,-152,104,-17496
accel,-152,104,-17496
accel,-152,104,-17496
accel,-152,104,-17496
accel,-336,0,-17480
accel,-336,0,-17480
accel,-336,0,-17480
accel,-336,0,-17480
accel,-336,0,-17480
accel,-336,0,-17480
accel,-336,0,-17480
accel,-336,0,-17480
accel,-336,0,-17480
accel,-336,0,-17480
accel,-336,0,-17480
accel,-336,0,-17480
accel,-336,0,-17480
accel,-336,0,-17480
accel,-336,0,-17480
accel,-336,0,-17480
accel,-336,0,-17480
accel,-336,0,-17480
accel,-336,0,-17480
accel,-336,0,-17480
accel,-336,0,-17480
accel,-336,0,-17480
accel,-336,0,-17480
accel,-336,0,-17480
accel,-336,0,-17480
accel,-224,144,-17344
accel,-224,144,-17344
accel,-224,144,-17344
accel,-224,144,-17344
accel,-224,144,-17344
accel,-224,144,-17344
accel,-224,144,-17344
accel,-224,144,-17344
accel,-224,144,-17344
accel,-224,144,-17344
accel,-224,144,-17344
accel,-224,144,-17344
accel,-224,144,-17344
accel,-224,144,-17344
accel,-224,144,-17344
accel,-224,144,-17344
accel,-224,144,-17344
accel,-224,144,-17344
accel,-224,144,-17344
accel,-224,144,-17344
accel,-224,144,-17344
accel,-224,144,-17344
accel,-224,144,-17344
accel,-224,144,-17344
accel,-224,144,-17344
accel,-216,56,-17592
accel,-216,56,-17592
accel,-216,56,-17592
accel,-216,56,-17592
accel,-216,56,-17592
accel,-216,56,-17592
accel,-216,56,-17592
accel,-216,56,-17592
accel,-216,56,-17592
accel,-216,56,-17592
accel,-216,56,-17592
accel,-216,56,-17592
accel,-216,56,-17592
accel,-216,56,-17592
accel,-216,56,-17592
accel,-216,56,-17592
accel,-216,56,-17592
accel,-216,56,-17592
accel,-216,56,-17592
accel,-216,56,-17592
accel,-216,56,-17592
accel,-216,56,-17592
accel,-216,56,-17592
accel,-216,56,-17592
accel,-216,56,-17592
accel,-328,64,-17392
accel,-328,64,-17392
accel,-328,64,-17392
accel,-328,64,-17392
accel,-328,64,-17392
accel,-328,64,-17392
accel,-328,64,-17392
accel,-328,64,-17392
accel,-328,64,-17392
accel,-328,64,-17392
accel,-328,64,-17392
accel,-328,64,-17392
accel,-328,64,-17392
accel,-328,64,-17392
accel,-328,64,-17392
accel,-328,64,-17392
accel,-328,64,-17392
accel,-328,64,-17392
accel,-328,64,-17392
accel,-328,64,-17392
accel,-328,64,-17392
accel,-328,64,-17392
accel,-328,64,-17392
accel,-328,64,-17392
accel,-232,112,-17440
accel,-232,112,-17440
accel,-232,112,-17440
accel,-232,112,-17440
accel,-232,112,-17440
accel,-232,112,-17440
accel,-232,112,-17440
accel,-232,112,-17440
accel,-232,112,-17440
accel,-232,112,-17440
accel,-232,112,-17440
accel,-232,112,-17440
accel,-232,112,-17440
accel,-232,112,-17440
accel,-232,112,-17440
accel,-232,112,-17440
accel,-232,112,-17440
accel,-232,112,-17440
accel,-232,112,-17440
accel,-232,112,-17440
accel,-232,112,-17440
accel,-232,112,-17440
accel,-232,112,-17440
accel,-232,112,-17440
accel,-232,168,-17368
accel,-232,168,-17368
accel,-232,168,-17368
accel,-232,168,-17368
accel,-232,168,-17368
accel,-232,168,-17368
accel,-232,168,-17368
accel,-232,168,-17368
accel,-232,168,-17368
accel,-232,168,-17368
accel,-232,168,-17368
accel,-232,168,-17368
accel,-232,168,-17368
accel,-232,168,-17368
accel,-232,168,-17368
accel,-232,168,-17368
accel,-232,168,-17368
accel,-232,168,-17368
accel,-232,168,-17368
accel,-232,168,-17368
accel,-232,168,-17368
accel,-232,168,-17368
accel,-232,168,-17368
accel,-232,168,-17368
accel,-200,32,-17504
accel,-200,32,-17504
accel,-200,32,-17504
accel,-200,32,-17504
accel,-200,32,-17504
accel,-200,32,-17504
accel,-200,32,-17504
accel,-200,32,-17504
accel,-200,32,-17504
accel,-200,32,-17504
accel,-200,32,-17504
accel,-200,32,-17504
accel,-200,32,-17504
accel,-200,32,-17504
accel,-200,32,-17504
accel,-200,32,-17504
accel,-200,32,-17504
accel,-200,32,-17504
accel,-200,32,-17504
accel,-200,32,-17504
accel,-200,32,-17504
accel,-200,32,-17504
accel,-200,32,-17504
accel,-200,32,-17504
accel,-200,32,-17504
accel,-216,160,-17592
accel,-216,160,-17592
accel,-216,160,-17592
accel,-216,160,-17592
accel,-216,160,-17592
accel,-216,160,-17592
accel,-216,160,-17592
accel,-216,160,-17592
accel,-216,160,-17592
accel,-216,160,-17592
accel,-216,160,-17592
accel,-216,160,-17592
accel,-216,160,-17592
accel,-216,160,-17592
accel,-216,160,-17592
accel,-216,160,-17592
accel,-216,160,-17592
accel,-216,160,-17592
accel,-216,160,-17592
accel,-216,160,-17592
accel,-216,160,-17592
accel,-216,160,-17592
accel,-216,160,-17592
accel,-216,160,-17592
accel,-216,160,-17592
accel,-328,72,-17520
accel,-328,72,-17520
accel,-328,72,-17520
accel,-328,72,-17520
accel,-328,72,-17520
accel,-328,72,-17520
accel,-328,72,-17520
accel,-328,72,-17520
accel,-328,72,-17520
accel,-328,72,-17520
accel,-328,72,-17520
accel,-328,72,-17520
accel,-328,72,-17520
accel,-328,72,-17520
accel,-328,72,-17520
accel,-328,72,-17520
accel,-328,72,-17520
accel,-328,72,-17520
accel,-328,72,-17520
accel,-328,72,-17520
accel,-328,72,-17520
accel,-328,72,-17520
accel,-328,72,-17520
accel,-328,72,-17520
accel,-328,72,-17520
accel,-288,72,-17480
accel,-288,72,-17480
accel,-288,72,-17480
accel,-288,72,-17480
accel,-288,72,-17480
accel,-288,72,-17480
accel,-288,72,-17480
accel,-288,72,-17480
accel,-288,72,-17480
accel,-288,72,-17480
accel,-288,72,-17480
accel,-288,72,-17480
accel,-288,72,-17480
accel,-288,72,-17480
accel,-288,72,-17480
accel,-288,72,-17480
accel,-288,72,-17480
accel,-288,72,-17480
accel,-288,72,-17480
accel,-288,72,-17480
accel,-288,72,-17480
accel,-288,72,-17480
accel,-288,72,-17480
accel,-288,72,-17480
accel,-288,72,-17480
accel,-224,248,-17376
accel,-224,248,-17376
accel,-224,248,-17376
accel,-224,248,-17376
accel,-224,248,-17376
accel,-224,248,-17376
accel,-224,248,-17376
accel,-224,248,-17376
accel,-224,248,-17376
accel,-224,248,-17376
accel,-224,248,-17376
accel,-224,248,-17376
accel,-224,248,-17376
accel,-224,248,-17376
accel,-224,248,-17376
accel,-224,248,-17376
accel,-224,248,-17376
accel,-224,248,-17376
accel,-224,248,-17376
accel,-224,248,-17376
accel,-224,248,-17376
accel,-224,248,-17376
accel,-224,248,-17376
accel,-224,248,-17376
accel,-224,248,-17376
accel,-280,72,-17416
accel,-280,72,-17416
accel,-280,72,-17416
accel,-280,72,-17416
accel,-280,72,-17416
accel,-280,72,-17416
accel,-280,72,-17416
accel,-280,72,-17416
accel,-280,72,-17416
accel,-280,72,-17416
accel,-280,72,-17416
accel,-280,72,-17416
accel,-280,72,-17416
accel,-280,72,-17416
accel,-280,72,-17416
accel,-280,72,-17416
accel,-280,72,-17416
accel,-280,72,-17416
accel,-280,72,-17416
accel,-280,72,-17416
accel,-280,72,-17416
accel,-280,72,-17416
accel,-280,72,-17416
accel,-280,72,-17416
accel,-288,200,-17272
accel,-288,200,-17272
accel,-288,200,-17272
accel,-288,200,-17272
accel,-288,200,-17272
accel,-288,200,-17272
accel,-288,200,-17272
accel,-288,200,-17272
accel,-288,200,-17272
accel,-288,200,-17272
accel,-288,200,-17272
accel,-288,200,-17272
accel,-288,200,-17272
accel,-288,200,-17272
accel,-288,200,-17272
accel,-288,200,-17272
accel,-288,200,-17272
accel,-288,200,-17272
accel,-288,200,-17272
accel,-288,200,-17272
accel,-288,200,-17272
accel,-288,200,-17272
accel,-288,200,-17272
accel,-288,200,-17272
accel,-288,200,-17272
accel,-384,40,-17344
accel,-384,40,-17344
accel,-384,40,-17344
accel,-384,40,-17344
accel,-384,40,-17344
accel,-384,40,-17344
accel,-384,40,-17344
accel,-384,40,-17344
accel,-384,40,-17344
accel,-384,40,-17344
accel,-384,40,-17344
accel,-384,40,-17344
accel,-384,40,-17344
accel,-384,40,-17344
accel,-384,40,-17344
accel,-384,40,-17344
accel,-384,40,-17344
accel,-384,40,-17344
accel,-384,40,-17344
accel,-384,40,-17344
accel,-384,40,-17344
accel,-384,40,-17344
accel,-384,40,-17344
accel,-384,40,-17344
accel,-88,16,-17504
accel,-88,16,-17504
accel,-88,16,-17504
accel,-88,16,-17504
accel,-88,16,-17504
accel,-88,16,-17504
accel,-88,16,-17504
accel,-88,16,-17504
accel,-88,16,-17504
accel,-88,16,-17504
accel,-88,16,-17504
accel,-88,16,-17504
accel,-88,16,-17504
accel,-88,16,-17504
accel,-88,16,-17504
accel,-88,16,-17504
accel,-88,16,-17504
accel,-88,16,-17504
accel,-88,16,-17504
accel,-88,16,-17504
accel,-88,16,-17504
accel,-88,16,-17504
accel,-88,16,-17504
accel,-88,16,-17504
accel,-192,32,-17440
accel,-192,32,-17440
accel,-192,32,-17440
accel,-192,32,-17440
accel,-192,32,-17440
accel,-192,32,-17440
accel,-192,32,-17440
accel,-192,32,-17440
accel,-192,32,-17440
accel,-192,32,-17440
accel,-192,32,-17440
accel,-192,32,-17440
accel,-192,32,-17440
accel,-192,32,-17440
accel,-192,32,-17440
accel,-192,32,-17440
accel,-192,32,-17440
accel,-192,32,-17440
accel,-192,32,-17440
accel,-192,32,-17440
accel,-192,32,-17440
accel,-192,32,-17440
accel,-192,32,-17440
accel,-192,32,-17440
accel,-192,32,-17440
accel,-200,128,-17152
accel,-200,128,-17152
accel,-200,128,-17152
accel,-200,128,-17152
accel,-200,128,-17152
accel,-200,128,-17152
accel,-200,128,-17152
accel,-200,128,-17152
accel,-200,128,-17152
accel,-200,128,-17152
accel,-200,128,-17152
accel,-200,128,-17152
accel,-200,128,-17152
accel,-200,128,-17152
accel,-200,128,-17152
accel,-200,128,-17152
accel,-200,128,-17152
accel,-200,128,-17152
accel,-200,128,-17152
accel,-200,128,-17152
accel,-200,128,-17152
accel,-200,128,-17152
accel,-200,128,-17152
accel,-200,128,-17152
accel,-208,128,-17336
accel,-208,128,-17336
accel,-208,128,-17336
accel,-208,128,-17336
accel,-208,128,-17336
accel,-208,128,-17336
accel,-208,128,-17336
accel,-208,128,-17336
accel,-208,128,-17336
accel,-208,128,-17336
accel,-208,128,-17336
accel,-208,128,-17336
accel,-208,128,-17336
accel,-208,128,-17336
accel,-208,128,-17336
accel,-208,128,-17336
accel,-208,128,-17336
accel,-208,128,-17336
accel,-208,128,-17336
accel,-208,128,-17336
accel,-208,128,-17336
accel,-208,128,-17336
accel,-208,128,-17336
accel,-208,128,-17336
accel,-240,192,-17328
accel,-240,192,-17328
accel,-240,192,-17328
accel,-240,192,-17328
accel,-240,192,-17328
accel,-240,192,-17328
accel,-240,192,-17328
accel,-240,192,-17328
accel,-240,192,-17328
accel,-240,192,-17328
accel,-240,192,-17328
accel,-240,192,-17328
accel,-240,192,-17328
accel,-240,192,-17328
accel,-240,192,-17328
accel,-240,192,-17328
accel,-240,192,-17328
accel,-240,192,-17328
accel,-240,192,-17328
accel,-240,192,-17328
accel,-240,192,-17328
accel,-240,192,-17328
accel,-240,192,-17328
accel,-240,192,-17328
accel,-240,192,-17328
accel,-240,168,-17248
accel,-240,168,-17248
accel,-240,168,-17248
accel,-240,168,-17248
accel,-240,168,-17248
accel,-240,168,-17248
accel,-240,168,-17248
accel,-240,168,-17248
accel,-240,168,-17248
accel,-240,168,-17248
accel,-240,168,-17248
accel,-240,168,-17248
accel,-240,168,-17248
accel,-240,168,-17248
accel,-240,168,-17248
accel,-240,168,-17248
accel,-240,168,-17248
accel,-240,168,-17248
accel,-240,168,-17248
accel,-240,168,-17248
accel,-240,168,-17248
accel,-240,168,-17248
accel,-240,168,-17248
accel,-240,168,-17248
accel,-240,168,-17248
accel,-112,-48,-17368
accel,-112,-48,-17368
accel,-112,-48,-17368
accel,-112,-48,-17368
accel,-112,-48,-17368
accel,-112,-48,-17368
accel,-112,-48,-17368
accel,-112,-48,-17368
accel,-112,-48,-17368
accel,-112,-48,-17368
accel,-112,-48,-17368
accel,-112,-48,-17368
accel,-112,-48,-17368
accel,-112,-48,-17368
accel,-112,-48,-17368
accel,-112,-48,-17368
accel,-112,-48,-17368
accel,-112,-48,-17368
accel,-112,-48,-17368
accel,-112,-48,-17368
accel,-112,-48,-17368
accel,-112,-48,-17368
accel,-112,-48,-17368
accel,-112,-48,-17368
accel,-216,-56,-17592
accel,-216,-56,-17592
accel,-216,-56,-17592
accel,-216,-56,-17592
accel,-216,-56,-17592
accel,-216,-56,-17592
accel,-216,-56,-17592
accel,-216,-56,-17592
accel,-216,-56,-17592
accel,-216,-56,-17592
accel,-216,-56,-17592
accel,-216,-56,-17592
accel,-216,-56,-17592
accel,-216,-56,-17592
accel,-216,-56,-17592
accel,-216,-56,-17592
accel,-216,-56,-17592
accel,-216,-56,-17592
accel,-216,-56,-17592
accel,-216,-56,-17592
accel,-216,-56,-17592
accel,-216,-56,-17592
accel,-216,-56,-17592
accel,-216,-56,-17592
accel,-328,168,-17368
accel,-328,168,-17368
accel,-328,168,-17368
accel,-328,168,-17368
accel,-328,168,-17368
accel,-328,168,-17368
accel,-328,168,-17368
accel,-328,168,-17368
accel,-328,168,-17368
accel,-328,168,-17368
accel,-328,168,-17368
accel,-328,168,-17368
accel,-328,168,-17368
accel,-328,168,-17368
accel,-328,168,-17368
accel,-328,168,-17368
accel,-328,168,-17368
accel,-328,168,-17368
accel,-328,168,-17368
accel,-328,168,-17368
accel,-328,168,-17368
accel,-328,168,-17368
accel,-328,168,-17368
accel,-328,168,-17368
accel,-216,56,-17568
accel,-216,56,-17568
accel,-216,56,-17568
accel,-216,56,-17568
accel,-216,56,-17568
accel,-216,56,-17568
accel,-216,56,-17568
accel,-216,56,-17568
accel,-216,56,-17568
accel,-216,56,-17568
accel,-216,56,-17568
accel,-216,56,-17568
accel,-216,56,-17568
accel,-216,56,-17568
accel,-216,56,-17568
accel,-216,56,-17568
accel,-216,56,-17568
accel,-216,56,-17568
accel,-216,56,-17568
accel,-216,56,-17568
accel,-216,56,-17568
accel,-216,56,-17568
accel,-216,56,-17568
accel,-216,56,-17568
accel,-216,56,-17568
accel,-328,24,-17240
accel,-328,24,-17240
accel,-328,24,-17240
accel,-328,24,-17240
accel,-328,24,-17240
accel,-328,24,-17240
accel,-328,24,-17240
accel,-328,24,-17240
accel,-328,24,-17240
accel,-328,24,-17240
accel,-328,24,-17240
accel,-328,24,-17240
accel,-328,24,-17240
accel,-328,24,-17240
accel,-328,24,-17240
accel,-328,24,-17240
accel,-328,24,-17240
accel,-328,24,-17240
accel,-328,24,-17240
accel,-328,24,-17240
accel,-328,24,-17240
accel,-328,24,-17240
accel,-328,24,-17240
accel,-328,24,-17240
accel,-256,-96,-17200
accel,-256,-96,-17200
accel,-256,-96,-17200
accel,-256,-96,-17200
accel,-256,-96,-17200
accel,-256,-96,-17200
accel,-256,-96,-17200
accel,-256,-96,-17200
accel,-256,-96,-17200
accel,-256,-96,-17200
accel,-256,-96,-17200
accel,-256,-96,-17200
accel,-256,-96,-17200
accel,-256,-96,-17200
accel,-256,-96,-17200
accel,-256,-96,-17200
accel,-256,-96,-17200
accel,-256,-96,-17200
accel,-256,-96,-17200
accel,-256,-96,-17200
accel,-256,-96,-17200
accel,-256,-96,-17200
accel,-256,-96,-17200
accel,-256,-96,-17200
accel,-136,240,-17648
accel,-136,240,-17648
accel,-136,240,-17648
accel,-136,240,-17648
accel,-136,240,-17648
accel,-136,240,-17648
accel,-136,240,-17648
accel,-136,240,-17648
accel,-136,240,-17648
accel,-136,240,-17648
accel,-136,240,-17648
accel,-136,240,-17648
accel,-136,240,-17648
accel,-136,240,-17648
accel,-136,240,-17648
accel,-136,240,-17648
accel,-136,240,-17648
accel,-136,240,-17648
accel,-136,240,-17648
accel,-136,240,-17648
accel,-136,240,-17648
accel,-136,240,-17648
accel,-136,240,-17648
accel,-136,240,-17648
accel,-136,240,-17648
accel,-232,64,-17336
accel,-232,64,-17336
accel,-232,64,-17336
accel,-232,64,-17336
accel,-232,64,-17336
accel,-232,64,-17336
accel,-232,64,-17336
accel,-232,64,-17336
accel,-232,64,-17336
accel,-232,64,-17336
accel,-232,64,-17336
accel,-232,64,-17336
accel,-232,64,-17336
accel,-232,64,-17336
accel,-232,64,-17336
accel,-232,64,-17336
accel,-232,64,-17336
accel,-232,64,-17336
accel,-232,64,-17336
accel,-232,64,-17336
accel,-232,64,-17336
accel,-232,64,-17336
accel,-232,64,-17336
accel,-232,64,-17336
accel,-248,-16,-17392
accel,-248,-16,-17392
accel,-248,-16,-17392
accel,-248,-16,-17392
accel,-248,-16,-17392
accel,-248,-16,-17392
accel,-248,-16,-17392
accel,-248,-16,-17392
accel,-248,-16,-17392
accel,-248,-16,-17392
accel,-248,-16,-17392
accel,-248,-16,-17392
accel,-248,-16,-17392
accel,-248,-16,-17392
accel,-248,-16,-17392
accel,-248,-16,-17392
accel,-248,-16,-17392
accel,-248,-16,-17392
accel,-248,-16,-17392
accel,-248,-16,-17392
accel,-248,-16,-17392
accel,-248,-16,-17392
accel,-248,-16,-17392
accel,-248,-16,-17392
accel,-256,176,-17544
accel,-256,176,-17544
accel,-256,176,-17544
accel,-256,176,-17544
accel,-256,176,-17544
accel,-256,176,-17544
accel,-256,176,-17544
accel,-256,176,-17544
accel,-256,176,-17544
accel,-256,176,-17544
accel,-256,176,-17544
accel,-256,176,-17544
accel,-256,176,-17544
accel,-256,176,-17544
accel,-256,176,-17544
accel,-256,176,-17544
accel,-256,176,-17544
accel,-256,176,-17544
accel,-256,176,-17544
accel,-256,176,-17544
accel,-256,176,-17544
accel,-256,176,-17544
accel,-256,176,-17544
accel,-256,176,-17544
accel,-248,176,-17456
accel,-248,176,-17456
accel,-248,176,-17456
accel,-248,176,-17456
accel,-248,176,-17456
accel,-248,176,-17456
accel,-248,176,-17456
accel,-248,176,-17456
accel,-248,176,-17456
accel,-248,176,-17456
accel,-248,176,-17456
accel,-248,176,-17456
accel,-248,176,-17456
accel,-248,176,-17456
accel,-248,176,-17456
accel,-248,176,-17456
accel,-248,176,-17456
accel,-248,176,-17456
accel,-248,176,-17456
accel,-248,176,-17456
accel,-248,176,-17456